"file","timestamp","experiment","nodeCount","replicationFactor","consistency","workload","payloadBytes","datasetSize","vus","warmupSeconds","durationSeconds","runNumber","throughputOpsPerSecond","p50Ms","p95Ms","p99Ms","errorRate","javaCpuSecondsDuringRun","javaWorkingSetBytesAfter","valid","invalidReason"
"concurrency-sweep-3n-rf1-get-heavy-all-100vu-run1.json","2026-10-02T18:28:19.124Z","concurrency-sweep","3","1","ALL","get-heavy","1024","5000","100","10","20","1","4939.75","9.633451","23.9516527","32.3023411","0.000637684093324561","85.734","885649408","True",""
"concurrency-sweep-3n-rf1-get-heavy-all-10vu-run1.json","2026-10-02T18:26:02.112Z","concurrency-sweep","3","1","ALL","get-heavy","1024","5000","10","10","20","1","3652.9","2.218268","4.36246544999999","6.04263643","0","81.719","826363904","True",""
"concurrency-sweep-3n-rf1-get-heavy-all-25vu-run1.json","2026-10-02T18:26:49.227Z","concurrency-sweep","3","1","ALL","get-heavy","1024","5000","25","10","20","1","1582.6","2.2217525","4.472256","6.74365220999999","0.00123214962719575","26.938","817000448","True",""
"concurrency-sweep-3n-rf1-get-heavy-all-50vu-run1.json","2026-10-02T18:27:36.558Z","concurrency-sweep","3","1","ALL","get-heavy","1024","5000","50","10","20","1","4575.4","8.875018","17.467118","23.38074027","0.000393408226603139","79.812","876396544","True",""
"consistency-cost-3n-rf3-put-heavy-all-10vu-run1.json","2026-10-02T19:26:57.389Z","consistency-cost","3","3","ALL","put-heavy","1024","5000","10","10","20","1","895.05","10.425372","14.586178","17.673926","0.000223451203843361","54.672","826634240","True",""
"consistency-cost-3n-rf3-put-heavy-all-10vu-run2.json","2026-10-02T19:27:42.180Z","consistency-cost","3","3","ALL","put-heavy","1024","5000","10","10","20","2","791.4","9.144873","13.9840507","16.49190616","0.000442254233004802","41.109","942469120","True",""
"consistency-cost-3n-rf3-put-heavy-all-10vu-run3.json","2026-10-02T19:28:17.966Z","consistency-cost","3","3","ALL","put-heavy","1024","5000","10","10","20","3","998","10.9476595","14.4172687","17.19749527","5.01002004008016E-05","54.438","837107712","True",""
"consistency-cost-3n-rf3-put-heavy-one-10vu-run1.json","2026-10-02T19:21:40.662Z","consistency-cost","3","3","ONE","put-heavy","1024","5000","10","10","20","1","1027.65","11.262249","14.8612154","18.44486388","0","57.781","861179904","True",""
"consistency-cost-3n-rf3-put-heavy-one-10vu-run2.json","2026-10-02T19:22:13.942Z","consistency-cost","3","3","ONE","put-heavy","1024","5000","10","10","20","2","1073.05","11.193634","14.716419","17.4149974","0","55.266","970838016","True",""
"consistency-cost-3n-rf3-put-heavy-one-10vu-run3.json","2026-10-02T19:22:56.441Z","consistency-cost","3","3","ONE","put-heavy","1024","5000","10","10","20","3","1082.7","11.1614545","14.52816405","17.02641104","0","52.141","853999616","True",""
"consistency-cost-3n-rf3-put-heavy-quorum-10vu-run1.json","2026-10-02T19:24:09.545Z","consistency-cost","3","3","QUORUM","put-heavy","1024","5000","10","10","20","1","658.25","11.438536","99.4856165999999","115.30506512","0","42.094","835985408","True",""
"consistency-cost-3n-rf3-put-heavy-quorum-10vu-run2.json","2026-10-02T19:24:41.965Z","consistency-cost","3","3","QUORUM","put-heavy","1024","5000","10","10","20","2","1055.3","11.174838","14.540789","16.7793252","0","57.938","922656768","True",""
"consistency-cost-3n-rf3-put-heavy-quorum-10vu-run3.json","2026-10-02T19:25:37.153Z","consistency-cost","3","3","QUORUM","put-heavy","1024","5000","10","10","20","3","992.05","10.781973","14.353215","16.7534414","0.000151202056347966","52","804179968","True",""
"distributed-query-3n-rf3-single-filter-na-5vu-run1.json","2026-10-02T19:29:39.510Z","distributed-query","3","3","N/A","single-filter","1024","5000","5","10","20","1","15.2","311.924733","447.83636335","537.2322044","0","40.828","1170636800","True",""
"distributed-query-3n-rf3-single-filter-na-5vu-run2.json","2026-10-02T19:30:12.108Z","distributed-query","3","3","N/A","single-filter","1024","5000","5","10","20","2","15.5","296.369873","470.9626162","520.21632357","0","41.062","1236398080","True",""
"distributed-query-3n-rf3-single-filter-na-5vu-run3.json","2026-10-02T19:30:44.865Z","distributed-query","3","3","N/A","single-filter","1024","5000","5","10","20","3","15.9","296.043584","426.20048925","479.99882439","0","35.625","1238478848","True",""
"distributed-query-3n-rf3-two-filter-and-na-5vu-run1.json","2026-10-02T19:31:17.536Z","distributed-query","3","3","N/A","two-filter-and","1024","5000","5","10","20","1","29","162.7885875","235.03771825","285.811795570002","0","42.656","1226567680","True",""
"distributed-query-3n-rf3-two-filter-and-na-5vu-run2.json","2026-10-02T19:31:50.018Z","distributed-query","3","3","N/A","two-filter-and","1024","5000","5","10","20","2","29","165.6691125","203.64959185","235.86893192","0","42.719","1256706048","True",""
"distributed-query-3n-rf3-two-filter-and-na-5vu-run3.json","2026-10-02T19:32:22.565Z","distributed-query","3","3","N/A","two-filter-and","1024","5000","5","10","20","3","28.95","167.522703","200.0874143","222.57117532","0","42.906","1281069056","True",""
"failure-under-load-3n-rf3-quorum-all-run1.json","2026-10-02T19:34:30.745Z","failure-under-load","3","3","QUORUM+ALL","read-failure-injection","1024","5000","30","10","60","1","1643.33333333333","5.2260625","12.70041885","23.05492713","0.038184584178499",,,"True",
"horizontal-scale-1n-rf1-get-heavy-all-50vu-run1.json","2026-10-02T18:30:58.014Z","horizontal-scale","1","1","ALL","get-heavy","1024","5000","50","10","20","1","4331.8","2.8151845","8.24024075","11.9799741","0.000577127291195346","27.047","287260672","True",""
"horizontal-scale-1n-rf1-get-heavy-all-50vu-run2.json","2026-10-02T18:31:58.814Z","horizontal-scale","1","1","ALL","get-heavy","1024","5000","50","10","20","2","4904.35","5.430469","16.2178336","31.23193882","0.000336436021083324","32.328","308961280","True",""
"horizontal-scale-1n-rf1-get-heavy-all-50vu-run3.json","2026-10-02T18:32:58.121Z","horizontal-scale","1","1","ALL","get-heavy","1024","5000","50","10","20","3","5729.55","6.213209","15.371811","25.0609723","0.000174533776649126","34.922","323325952","True",""
"horizontal-scale-1n-rf1-mixed-all-50vu-run1.json","2026-10-02T18:36:02.380Z","horizontal-scale","1","1","ALL","mixed","1024","5000","50","10","20","1","5007.85","8.656978","15.3425602","19.92609208","0","46.188","347414528","True",""
"horizontal-scale-1n-rf1-mixed-all-50vu-run2.json","2026-10-02T18:37:00.896Z","horizontal-scale","1","1","ALL","mixed","1024","5000","50","10","20","2","4754.85","8.444966","15.326704","20.45461344","0.000231342734260807","44.047","336203776","True",""
"horizontal-scale-1n-rf1-mixed-all-50vu-run3.json","2026-10-02T18:37:48.560Z","horizontal-scale","1","1","ALL","mixed","1024","5000","50","10","20","3","2821.45","7.134634","14.5164518","20.33490272","0","25.859","319463424","True",""
"horizontal-scale-1n-rf1-put-heavy-all-50vu-run1.json","2026-10-02T18:33:31.394Z","horizontal-scale","1","1","ALL","put-heavy","1024","5000","50","10","20","1","2721.25","7.420083","71.240881599999","109.64561472","0.000275608635737253","26.844","284393472","True",""
"horizontal-scale-1n-rf1-put-heavy-all-50vu-run2.json","2026-10-02T18:34:32.294Z","horizontal-scale","1","1","ALL","put-heavy","1024","5000","50","10","20","2","4683.5","9.4723465","16.4226866","21.4327272","0.000224191309917797","47.75","320745472","True",""
"horizontal-scale-1n-rf1-put-heavy-all-50vu-run3.json","2026-10-02T18:35:20.064Z","horizontal-scale","1","1","ALL","put-heavy","1024","5000","50","10","20","3","2407.75","5.285607","12.9342592","18.33315642","0.000622988267054304","26.688","334643200","True",""
"horizontal-scale-3n-rf1-get-heavy-all-50vu-run1.json","2026-10-02T18:50:38.897Z","horizontal-scale","3","1","ALL","get-heavy","1024","5000","50","10","20","1","3008.9","15.099058","28.8083239","38.8603233499998","0","88.391","828567552","True",""
"horizontal-scale-3n-rf1-get-heavy-all-50vu-run2.json","2026-10-02T18:51:19.195Z","horizontal-scale","3","1","ALL","get-heavy","1024","5000","50","10","20","2","3015.75","12.874132","24.4728113","32.97240374","0.000182375860067976","66.344","823418880","True",""
"horizontal-scale-3n-rf1-get-heavy-all-50vu-run3.json","2026-10-02T18:52:07.958Z","horizontal-scale","3","1","ALL","get-heavy","1024","5000","50","10","20","3","2922.7","13.1461605","25.2692855","34.54608093","0.000256612036815274","65.719","840429568","True",""
"horizontal-scale-3n-rf1-mixed-all-50vu-run1.json","2026-10-02T18:55:12.312Z","horizontal-scale","3","1","ALL","mixed","1024","5000","50","10","20","1","2679.45","16.858675","30.005702","38.24260984","0.000149284368060609","73.672","749916160","True",""
"horizontal-scale-3n-rf1-mixed-all-50vu-run2.json","2026-10-02T18:56:02.209Z","horizontal-scale","3","1","ALL","mixed","1024","5000","50","10","20","2","2714.45","16.869529","29.6404984","38.5066866800001","1.84199377406104E-05","73.891","761663488","True",""
"horizontal-scale-3n-rf1-mixed-all-50vu-run3.json","2026-10-02T18:56:51.952Z","horizontal-scale","3","1","ALL","mixed","1024","5000","50","10","20","3","4134.4","8.7802405","16.9619098","22.08155358","0.00024187306501548","90.547","761417728","True",""
"horizontal-scale-3n-rf1-put-heavy-all-50vu-run1.json","2026-10-02T18:52:47.582Z","horizontal-scale","3","1","ALL","put-heavy","1024","5000","50","10","20","1","2317.6","12.149883","25.309998","34.04964832","0.000582499137038315","68.094","912330752","True",""
"horizontal-scale-3n-rf1-put-heavy-all-50vu-run2.json","2026-10-02T18:53:35.837Z","horizontal-scale","3","1","ALL","put-heavy","1024","5000","50","10","20","2","2194.95","19.193302","40.6442722","66.90546596","0.000113897810884075","64.359","969695232","True",""
"horizontal-scale-3n-rf1-put-heavy-all-50vu-run3.json","2026-10-02T18:54:15.258Z","horizontal-scale","3","1","ALL","put-heavy","1024","5000","50","10","20","3","2564.45","18.233395","31.0456134","39.79374972","0","75.156","668487680","True",""
"horizontal-scale-5n-rf1-get-heavy-all-50vu-run1.json","2026-10-02T18:58:08.507Z","horizontal-scale","5","1","ALL","get-heavy","1024","5000","50","10","20","1","2777.6","15.1695105","35.9704684499999","53.01180433","0","125.172","1262112768","True",""
"horizontal-scale-5n-rf1-get-heavy-all-50vu-run2.json","2026-10-02T18:58:56.061Z","horizontal-scale","5","1","ALL","get-heavy","1024","5000","50","10","20","2","4136.9","8.8183235","16.0658478","21.04559744","0.000229640552104233","99.734","1291091968","True",""
"horizontal-scale-5n-rf1-get-heavy-all-50vu-run3.json","2026-10-02T18:59:38.439Z","horizontal-scale","5","1","ALL","get-heavy","1024","5000","50","10","20","3","4444","6.7248295","12.9512453","17.48778336","0.000236273627362736","98.906","1366212608","True",""
"horizontal-scale-5n-rf1-mixed-all-50vu-run1.json","2026-10-02T19:02:31.345Z","horizontal-scale","5","1","ALL","mixed","1024","5000","50","10","20","1","3428.35","12.100455","22.040885","28.710513","0.00013125847710998","99.469","1619132416","True",""
"horizontal-scale-5n-rf1-mixed-all-50vu-run2.json","2026-10-02T19:03:26.974Z","horizontal-scale","5","1","ALL","mixed","1024","5000","50","10","20","2","3693.55","10.098686","17.97482","22.5692965","0.000284279351843078","101.344","1378340864","True",""
"horizontal-scale-5n-rf1-mixed-all-50vu-run3.json","2026-10-02T19:03:59.443Z","horizontal-scale","5","1","ALL","mixed","1024","5000","50","10","20","3","3697.65","11.589567","20.037035","24.95960936","6.76105093775776E-05","102.75","1452912640","True",""
"horizontal-scale-5n-rf1-put-heavy-all-50vu-run1.json","2026-10-02T19:00:23.151Z","horizontal-scale","5","1","ALL","put-heavy","1024","5000","50","10","20","1","3052.1","10.5026615","21.38628005","28.77159381","0.000475082729923659","94.5","1399549952","True",""
"horizontal-scale-5n-rf1-put-heavy-all-50vu-run2.json","2026-10-02T19:01:07.492Z","horizontal-scale","5","1","ALL","put-heavy","1024","5000","50","10","20","2","3187.05","9.623695","17.820014","22.2774358","0.000407900723239359","96.516","1457385472","True",""
"horizontal-scale-5n-rf1-put-heavy-all-50vu-run3.json","2026-10-02T19:01:50.018Z","horizontal-scale","5","1","ALL","put-heavy","1024","5000","50","10","20","3","3126.25","9.745913","17.093042","21.98305748","0.000463814474210316","93.469","1543544832","True",""
"replication-cost-3n-rf1-put-heavy-all-10vu-run1.json","2026-10-02T19:13:56.988Z","replication-cost","3","1","ALL","put-heavy","1024","5000","10","10","20","1","1818.35","3.268303","5.4691082","6.64974012","0.000137487282426376","58.203","803995648","True",""
"replication-cost-3n-rf1-put-heavy-all-10vu-run2.json","2026-10-02T19:14:49.379Z","replication-cost","3","1","ALL","put-heavy","1024","5000","10","10","20","2","1943.7","3.2284165","5.7274353","6.82059896999999","0.000154344806297268","45.094","843612160","True",""
"replication-cost-3n-rf1-put-heavy-all-10vu-run3.json","2026-10-02T19:15:26.770Z","replication-cost","3","1","ALL","put-heavy","1024","5000","10","10","20","3","923.7","3.3206655","5.9640893","6.95556479","0.000541301288297066","21.406","895705088","True",""
"replication-cost-3n-rf2-put-heavy-all-10vu-run1.json","2026-10-02T19:16:39.218Z","replication-cost","3","2","ALL","put-heavy","1024","5000","10","10","20","1","1337.6","7.4692565","10.43647695","12.06612543","0.000112141148325359","64.078","815894528","True",""
"replication-cost-3n-rf2-put-heavy-all-10vu-run2.json","2026-10-02T19:17:23.093Z","replication-cost","3","2","ALL","put-heavy","1024","5000","10","10","20","2","1460.35","7.769491","10.5602299","12.37510412","0","58.094","891346944","True",""
"replication-cost-3n-rf2-put-heavy-all-10vu-run3.json","2026-10-02T19:18:00.547Z","replication-cost","3","2","ALL","put-heavy","1024","5000","10","10","20","3","1338.5","7.7762785","10.78035465","15.21811593","0","52.625","847360000","True",""
"replication-cost-3n-rf2-put-heavy-all-50vu-run1.json","2026-10-02T19:08:56.687Z","replication-cost","3","2","ALL","put-heavy","1024","5000","50","10","20","1","1733.4","18.854913","44.18133365","135.456033400001","0.122735664012923","108.281","868732928","False","k6 threshold, error-rate, or cluster-health validation failed"
"replication-cost-3n-rf3-put-heavy-all-10vu-run1.json","2026-10-02T19:19:09.391Z","replication-cost","3","3","ALL","put-heavy","1024","5000","10","10","20","1","757.2","9.1500675","13.03956575","15.35369621","0.000330163761225568","46.625","850497536","True",""
"replication-cost-3n-rf3-put-heavy-all-10vu-run2.json","2026-10-02T19:19:57.088Z","replication-cost","3","3","ALL","put-heavy","1024","5000","10","10","20","2","805.4","9.4013935","13.5659712","15.60389752","0.000558728582071021","40.656","931553280","True",""
"replication-cost-3n-rf3-put-heavy-all-10vu-run3.json","2026-10-02T19:20:29.387Z","replication-cost","3","3","ALL","put-heavy","1024","5000","10","10","20","3","1055.7","11.113125","14.5990019","17.31503406","0","56.562","829276160","True",""
