"experiment","nodeCount","replicationFactor","consistency","workload","payloadBytes","datasetSize","vus","warmupSeconds","durationSeconds","validRuns","medianThroughputOpsPerSecond","medianP50Ms","medianP95Ms","medianP99Ms","medianErrorRate","medianJavaCpuSecondsDuringRun","medianJavaWorkingSetBytesAfter"
"concurrency-sweep","3","1","ALL","get-heavy","1024","5000","10","10","20","1","3652.9","2.218268","4.36246544999999","6.04263643","0","81.719","826363904"
"concurrency-sweep","3","1","ALL","get-heavy","1024","5000","25","10","20","1","1582.6","2.2217525","4.472256","6.74365220999999","0.00123214962719575","26.938","817000448"
"concurrency-sweep","3","1","ALL","get-heavy","1024","5000","50","10","20","1","4575.4","8.875018","17.467118","23.38074027","0.000393408226603139","79.812","876396544"
"concurrency-sweep","3","1","ALL","get-heavy","1024","5000","100","10","20","1","4939.75","9.633451","23.9516527","32.3023411","0.000637684093324561","85.734","885649408"
"consistency-cost","3","3","ALL","put-heavy","1024","5000","10","10","20","3","895.05","10.425372","14.4172687","17.19749527","0.000223451203843361","54.438","837107712"
"consistency-cost","3","3","ONE","put-heavy","1024","5000","10","10","20","3","1073.05","11.193634","14.716419","17.4149974","0","55.266","861179904"
"consistency-cost","3","3","QUORUM","put-heavy","1024","5000","10","10","20","3","992.05","11.174838","14.540789","16.7793252","0","52","835985408"
"distributed-query","3","3","N/A","single-filter","1024","5000","5","10","20","3","15.5","296.369873","447.83636335","520.21632357","0","40.828","1236398080"
"distributed-query","3","3","N/A","two-filter-and","1024","5000","5","10","20","3","29","165.6691125","203.64959185","235.86893192","0","42.719","1256706048"
"horizontal-scale","1","1","ALL","get-heavy","1024","5000","50","10","20","3","4904.35","5.430469","15.371811","25.0609723","0.000336436021083324","32.328","308961280"
"horizontal-scale","1","1","ALL","mixed","1024","5000","50","10","20","3","4754.85","8.444966","15.326704","20.33490272","0","44.047","336203776"
"horizontal-scale","1","1","ALL","put-heavy","1024","5000","50","10","20","3","2721.25","7.420083","16.4226866","21.4327272","0.000275608635737253","26.844","320745472"
"horizontal-scale","3","1","ALL","get-heavy","1024","5000","50","10","20","3","3008.9","13.1461605","25.2692855","34.54608093","0.000182375860067976","66.344","828567552"
"horizontal-scale","3","1","ALL","mixed","1024","5000","50","10","20","3","2714.45","16.858675","29.6404984","38.24260984","0.000149284368060609","73.891","761417728"
"horizontal-scale","3","1","ALL","put-heavy","1024","5000","50","10","20","3","2317.6","18.233395","31.0456134","39.79374972","0.000113897810884075","68.094","912330752"
"horizontal-scale","5","1","ALL","get-heavy","1024","5000","50","10","20","3","4136.9","8.8183235","16.0658478","21.04559744","0.000229640552104233","99.734","1291091968"
"horizontal-scale","5","1","ALL","mixed","1024","5000","50","10","20","3","3693.55","11.589567","20.037035","24.95960936","0.00013125847710998","101.344","1452912640"
"horizontal-scale","5","1","ALL","put-heavy","1024","5000","50","10","20","3","3126.25","9.745913","17.820014","22.2774358","0.000463814474210316","94.5","1457385472"
"replication-cost","3","1","ALL","put-heavy","1024","5000","10","10","20","3","1818.35","3.268303","5.7274353","6.82059896999999","0.000154344806297268","45.094","843612160"
"replication-cost","3","2","ALL","put-heavy","1024","5000","10","10","20","3","1338.5","7.769491","10.5602299","12.37510412","0","58.094","847360000"
"replication-cost","3","3","ALL","put-heavy","1024","5000","10","10","20","3","805.4","9.4013935","13.5659712","15.60389752","0.000330163761225568","46.625","850497536"
